animal,video_folder,session,trial_index,door_open_sec,door_close_sec,frame_id_start,frame_id_end,frame_count
rory,2025_12_23_16_57_09,session_2025-12-23_16-54-03,0,1766527126.853,1766527851.547,15186,145628,130443
rory,2025_12_23_16_57_09,session_2025-12-23_16-54-03,1,1766527905.449,1766528119.092,155332,193782,38451
rory,2025_12_23_16_57_09,session_2025-12-23_16-54-03,2,1766528171.911,1766528290.239,203294,224592,21299
rory,2025_12_23_16_57_09,session_2025-12-23_16-54-03,3,1766528355.395,1766528513.233,236321,264731,28411
rory,2025_12_23_16_57_09,session_2025-12-23_16-54-03,4,1766528559.083,1766528777.706,272985,312336,39352
rory,2025_12_23_16_57_09,session_2025-12-23_16-54-03,5,1766528822.102,1766529064.282,320328,363919,43592
rory,2025_12_23_16_57_09,session_2025-12-23_16-54-03,6,1766529114.736,1766529344.166,373001,414297,41297
rory,2025_12_23_16_57_09,session_2025-12-23_16-54-03,7,1766529389.474,1766529446.338,422454,432688,10235
rory,2025_12_23_16_57_09,session_2025-12-23_16-54-03,8,1766529490.575,1766529684.535,440652,475558,34907
rory,2025_12_24_13_29_06,session_2025-12-24_13-25-05,0,1766601071.055,1766601814.18,12506,146266,133761
rory,2025_12_24_13_47_10,session_2025-12-24_13-47-28,0,1766602167.155,1766602630.905,22527,106001,83475
rory,2025_12_24_13_47_10,session_2025-12-24_13-47-28,1,1766602682.361,1766602739.49,115263,125546,10284
rory,2025_12_24_14_26_25,session_2025-12-24_14-24-17,0,1766604482.971,1766605430.712,15044,185635,170592
rory,2025_12_24_14_26_25,session_2025-12-24_14-24-17,1,1766605477.897,1766605548.062,194129,206757,12629
rory,2025_12_24_14_26_25,session_2025-12-24_14-24-17,2,1766605592.256,1766605633.053,214713,222056,7344
rory,2025_12_24_14_26_25,session_2025-12-24_14-24-17,3,1766605677.2,1766605781.655,230003,248804,18802
rory,2025_12_24_14_26_25,session_2025-12-24_14-24-17,4,1766605825.523,1766605899.168,256701,269956,13256
rory,2025_12_30_16_11_46,session_2025-12-30_16-08-34,0,1767129184.708,1767129406.063,11099,50941,39843
rory,2025_12_30_16_11_46,session_2025-12-30_16-08-34,1,1767129457.557,1767129762.414,60211,115084,54874
rory,2025_12_30_16_11_46,session_2025-12-30_16-08-34,2,1767129809.358,1767129879.451,123535,136151,12617
rory,2025_12_30_16_11_46,session_2025-12-30_16-08-34,3,1767129924.332,1767129952.374,144230,149277,5048
rory,2025_12_30_16_42_13,session_2025-12-30_16-40-55,0,1767131013.251,1767131053.538,12419,19670,7252
rory,2025_12_30_16_42_13,session_2025-12-30_16-40-55,1,1767131106.969,1767131116.791,29289,31055,1767
rory,2025_12_30_16_42_13,session_2025-12-30_16-40-55,2,1767131168.475,1767131185.253,40359,43379,3021
rory,2025_12_30_16_42_13,session_2025-12-30_16-40-55,3,1767131230.211,1767131243.635,51472,53887,2416
rory,2025_12_30_16_42_13,session_2025-12-30_16-40-55,4,1767131295.387,1767131304.095,63203,64770,1568
rory,2025_12_30_16_42_13,session_2025-12-30_16-40-55,5,1767131358.203,1767131372.114,74508,77013,2506
rory,2025_12_30_16_42_13,session_2025-12-30_16-40-55,6,1767131422.732,1767131454.504,86125,91843,5719
rory,2025_12_30_16_42_13,session_2025-12-30_16-40-55,7,1767131498.85,1767131520.292,99826,103685,3860
rory,2025_12_30_16_42_13,session_2025-12-30_16-40-55,8,1767131564.508,1767131574.557,111645,113453,1809
rory,2025_12_30_16_42_13,session_2025-12-30_16-40-55,9,1767131618.214,1767131647.441,121312,126572,5261
rory,2025_12_30_16_42_13,session_2025-12-30_16-40-55,10,1767131691.712,1767131720.558,134541,139732,5192
rory,2025_12_30_16_42_13,session_2025-12-30_16-40-55,11,1767131771.611,1767131828.314,148923,159128,10206
rory,2025_12_30_17_01_57,session_2025-12-30_17-01-00,0,1767132185.918,1767132204.939,10358,13781,3424
rory,2025_12_30_17_01_57,session_2025-12-30_17-01-00,1,1767132249.429,1767132257.929,21790,23319,1530
rory,2025_12_30_17_01_57,session_2025-12-30_17-01-00,2,1767132308.578,1767132364.913,32437,42576,10140
rory,2025_12_30_17_01_57,session_2025-12-30_17-01-00,3,1767132411.078,1767132420.89,50886,52651,1766
rory,2025_12_30_17_01_57,session_2025-12-30_17-01-00,4,1767132471.21,1767132510.177,61710,68723,7014
rory,2025_12_30_17_01_57,session_2025-12-30_17-01-00,5,1767132563.965,1767132585.98,78406,82367,3962
rory,2025_12_30_17_01_57,session_2025-12-30_17-01-00,6,1767132639.52,1767132647.243,92005,93395,1391
rory,2025_12_30_17_01_57,session_2025-12-30_17-01-00,7,1767132694.6,1767132756.782,101920,113111,11192
rory,2025_12_30_17_01_57,session_2025-12-30_17-01-00,8,1767132807.508,1767132859.564,122243,131612,9370
rory,2025_12_31_15_47_43,session_2025-12-31_15-46-11,0,1767214142.829,1767214259.769,12685,33733,21049
rory,2025_12_31_15_47_43,session_2025-12-31_15-46-11,1,1767214313.269,1767214341.387,43364,48424,5061
rory,2025_12_31_15_47_43,session_2025-12-31_15-46-11,2,1767214394.771,1767214428.405,58034,64087,6054
rory,2025_12_31_15_47_43,session_2025-12-31_15-46-11,3,1767214477.349,1767214491.208,72898,75392,2495
rory,2025_12_31_15_47_43,session_2025-12-31_15-46-11,4,1767214535.484,1767214559.718,83363,87724,4362
rory,2025_12_31_15_47_43,session_2025-12-31_15-46-11,5,1767214611.208,1767214640.901,96993,102336,5344
rory,2025_12_31_15_47_43,session_2025-12-31_15-46-11,6,1767214695.03,1767214715.496,112081,115763,3683
rory,2025_12_31_15_47_43,session_2025-12-31_15-46-11,7,1767214763.126,1767214782.266,124338,127782,3445
rory,2025_12_31_15_47_43,session_2025-12-31_15-46-11,8,1767214832.941,1767214860.732,136904,141906,5003
rory,2025_12_31_15_47_43,session_2025-12-31_15-46-11,9,1767214915.92,1767214927.627,151840,153946,2107
rory,2025_12_31_15_47_43,session_2025-12-31_15-46-11,10,1767214981.946,1767214996.766,163725,166391,2667
rory,2025_12_31_15_47_43,session_2025-12-31_15-46-11,11,1767215050.099,1767215065.293,175992,178726,2735
rory,2025_12_31_15_47_43,session_2025-12-31_15-46-11,12,1767215113.814,1767215121.712,187461,188881,1421
rory,2025_12_31_15_47_43,session_2025-12-31_15-46-11,13,1767215174.999,1767215200.09,198474,202989,4516
rory,2025_12_31_15_47_43,session_2025-12-31_15-46-11,14,1767215252.367,1767215261.574,212400,214056,1657
rory,2025_12_31_15_47_43,session_2025-12-31_15-46-11,15,1767215308.102,1767215344.886,222432,229052,6621
rory,2025_12_31_15_47_43,session_2025-12-31_15-46-11,16,1767215395.602,1767215405.526,238182,239968,1787
rory,2025_12_31_15_47_43,session_2025-12-31_15-46-11,17,1767215452.033,1767215495.742,248340,256206,7867
rory,2025_12_31_15_47_43,session_2025-12-31_15-46-11,18,1767215540.529,1767215561.494,264269,268041,3773
rory,2025_12_31_15_47_43,session_2025-12-31_15-46-11,19,1767215605.918,1767215613.978,276039,277489,1451
rory,2025_12_31_15_47_43,session_2025-12-31_15-46-11,20,1767215666.402,1767215681.517,286926,289645,2720
rory,2025_12_31_15_47_43,session_2025-12-31_15-46-11,21,1767215727.628,1767215884.074,297946,326105,28160
rory,2025_12_31_15_47_43,session_2025-12-31_15-46-11,22,1767215934.895,1767215951.143,335254,338178,2925
rory,2025_12_31_15_47_43,session_2025-12-31_15-46-11,23,1767215997.757,1767216029.273,346569,352241,5673
rory,2025_12_31_15_47_43,session_2025-12-31_15-46-11,24,1767216080.455,1767216107.11,361455,366251,4797
rory,2025_12_31_15_47_43,session_2025-12-31_15-46-11,25,1767216153.954,1767216166.434,374684,376930,2247
rory,2025_12_31_15_47_43,session_2025-12-31_15-46-11,26,1767216217.356,1767216256.751,386096,393186,7091
rory,2025_12_31_15_47_43,session_2025-12-31_15-46-11,27,1767216309.976,1767216327.7,402768,405957,3190
rory,2025_12_31_15_47_43,session_2025-12-31_15-46-11,28,1767216381.418,1767216495.967,415627,436245,20619
rory,2025_12_31_15_47_43,session_2025-12-31_15-46-11,29,1767216548.352,1767216572.163,445675,449960,4286
rory,2025_12_31_15_47_43,session_2025-12-31_15-46-11,30,1767216625.906,1767216634.354,459635,461154,1520
rory,2025_12_31_15_47_43,session_2025-12-31_15-46-11,31,1767216681.634,1767216733.794,469666,479053,9388
rory,2025_12_31_15_47_43,session_2025-12-31_15-46-11,32,1767216778.346,1767216817.423,487074,494106,7033
rory,2025_12_31_15_47_43,session_2025-12-31_15-46-11,33,1767216869.113,1767216900.03,503411,508976,5566
rory,2025_12_31_15_47_43,session_2025-12-31_15-46-11,34,1767216945.692,1767217030.602,517196,532478,15283
rory,2025_12_31_15_47_43,session_2025-12-31_15-46-11,35,1767217080.973,1767217221.538,541546,566846,25301
rory,2026_01_01_16_28_43,session_2026-01-01_16-25-55,0,1767303029.217,1767303098.488,16503,28970,12468
rory,2026_01_01_16_28_43,session_2026-01-01_16-25-55,1,1767303150.55,1767303177.372,38343,43169,4827
rory,2026_01_01_16_28_43,session_2026-01-01_16-25-55,2,1767303230.346,1767303243.818,52706,55130,2425
rory,2026_01_01_16_28_43,session_2026-01-01_16-25-55,3,1767303295.154,1767303305.775,64371,66282,1912
rory,2026_01_01_16_28_43,session_2026-01-01_16-25-55,4,1767303353.066,1767303394.378,74795,82230,7436
rory,2026_01_01_16_28_43,session_2026-01-01_16-25-55,5,1767303438.505,1767303476.447,90174,97003,6830
rory,2026_01_01_16_28_43,session_2026-01-01_16-25-55,6,1767303527.144,1767303546.981,106129,109699,3571
rory,2026_01_01_16_28_43,session_2026-01-01_16-25-55,7,1767303592.117,1767303623.776,117824,123522,5699
rory,2026_01_01_16_28_43,session_2026-01-01_16-25-55,8,1767303674.809,1767303685.35,132708,134605,1898
rory,2026_01_01_16_28_43,session_2026-01-01_16-25-55,9,1767303730.326,1767303752.306,142701,146657,3957
rory,2026_01_01_16_28_43,session_2026-01-01_16-25-55,10,1767303796.39,1767303818.194,154593,158516,3924
rory,2026_01_01_16_28_43,session_2026-01-01_16-25-55,11,1767303862.374,1767303890.967,166470,171615,5146
rory,2026_01_01_16_28_43,session_2026-01-01_16-25-55,12,1767303935.141,1767303948.445,179568,181961,2394
rory,2026_01_01_16_28_43,session_2026-01-01_16-25-55,13,1767303992.134,1767304027.714,189826,196230,6405
rory,2026_01_01_16_28_43,session_2026-01-01_16-25-55,14,1767304078.901,1767304091.631,205444,207735,2292
rory,2026_01_01_16_28_43,session_2026-01-01_16-25-55,15,1767304144.598,1767304162.264,217270,220448,3179
rory,2026_01_01_16_28_43,session_2026-01-01_16-25-55,16,1767304216.063,1767304247.865,230133,235856,5724
rory,2026_01_01_16_28_43,session_2026-01-01_16-25-55,17,1767304293.153,1767304342.837,244009,252951,8943
rory,2026_01_01_16_28_43,session_2026-01-01_16-25-55,18,1767304393.469,1767304409.055,262066,264870,2805
rory,2026_01_01_16_28_43,session_2026-01-01_16-25-55,19,1767304454.306,1767304539.485,273016,288347,15332
rory,2026_01_01_16_28_43,session_2026-01-01_16-25-55,20,1767304591.968,1767304612.157,297795,301428,3634
rory,2026_01_01_16_28_43,session_2026-01-01_16-25-55,21,1767304665.632,1767304686.308,311055,314775,3721
rory,2026_01_01_16_28_43,session_2026-01-01_16-25-55,22,1767304731.228,1767304748.698,322862,326005,3144
rory,2026_01_01_16_28_43,session_2026-01-01_16-25-55,23,1767304806.859,1767304826.092,336475,339936,3462
rory,2026_01_01_16_28_43,session_2026-01-01_16-25-55,24,1767304877.553,1767304885.41,349200,350613,1414
rory,2026_01_01_16_28_43,session_2026-01-01_16-25-55,25,1767304944.945,1767304973.312,361331,366436,5106
rory,2026_01_01_16_28_43,session_2026-01-01_16-25-55,26,1767305024.84,1767305254.326,375711,417018,41308
rory,2026_01_01_16_28_43,session_2026-01-01_16-25-55,27,1767305309.001,1767305318.342,426860,428540,1681
rory,2026_01_01_16_28_43,session_2026-01-01_16-25-55,28,1767305370.231,1767305385.144,437881,440565,2685
rory,2026_01_01_16_28_43,session_2026-01-01_16-25-55,29,1767305436.327,1767305459.962,449778,454032,4255
rory,2026_01_01_16_28_43,session_2026-01-01_16-25-55,30,1767305506.41,1767305519.536,462393,464755,2363
rory,2026_01_01_16_28_43,session_2026-01-01_16-25-55,31,1767305570.32,1767305588.645,473897,477194,3298
rory,2026_01_01_16_28_43,session_2026-01-01_16-25-55,32,1767305633.952,1767305647.246,485351,487742,2392
rory,2026_01_01_16_28_43,session_2026-01-01_16-25-55,33,1767305697.296,1767305759.442,496752,507938,11187
rory,2026_01_01_16_28_43,session_2026-01-01_16-25-55,34,1767305805.752,1767305820.248,516274,518882,2609
rory,2026_01_01_16_28_43,session_2026-01-01_16-25-55,35,1767305877.708,1767305904.303,529226,534012,4787
rory,2026_01_01_16_28_43,session_2026-01-01_16-25-55,36,1767305956.812,1767305970.913,543465,546002,2538
rory,2026_01_02_14_31_43,session_2026-01-02_14-28-21,0,1767382389.074,1767382467.718,13043,27197,14155
rory,2026_01_02_14_31_43,session_2026-01-02_14-28-21,1,1767382523.982,1767382556.769,37326,43226,5901
rory,2026_01_02_14_31_43,session_2026-01-02_14-28-21,2,1767382609.523,1767382635.042,52723,57315,4593
rory,2026_01_02_14_31_43,session_2026-01-02_14-28-21,3,1767382687.503,1767382698.305,66759,68703,1945
rory,2026_01_02_15_01_34,session_2026-01-02_14-58-59,0,1767384170.135,1767384195.029,11571,16051,4481
rory,2026_01_02_15_01_34,session_2026-01-02_14-58-59,1,1767384242.246,1767384269.011,24551,29368,4818
rory,2026_01_02_15_01_34,session_2026-01-02_14-58-59,2,1767384325.276,1767384344.766,39496,43003,3508
rory,2026_01_02_15_01_34,session_2026-01-02_14-58-59,3,1767384400.108,1767384411.817,52966,55072,2107
rory,2026_01_02_15_01_34,session_2026-01-02_14-58-59,4,1767384457.382,1767384476.656,63275,66743,3469
rory,2026_01_02_15_01_34,session_2026-01-02_14-58-59,5,1767384528.11,1767384545.007,76006,79046,3041
rory,2026_01_02_15_01_34,session_2026-01-02_14-58-59,6,1767384598.232,1767384606.983,88628,90202,1575
rory,2026_01_02_15_01_34,session_2026-01-02_14-58-59,7,1767384658.082,1767384667.807,99401,101150,1750
rory,2026_01_02_15_01_34,session_2026-01-02_14-58-59,8,1767384720.061,1767384736.541,110557,113522,2966
rory,2026_01_02_15_01_34,session_2026-01-02_14-58-59,9,1767384800.272,1767384820.306,124995,128600,3606
rory,2026_01_02_15_01_34,session_2026-01-02_14-58-59,10,1767384872.686,1767384902.374,138029,143372,5344
rory,2026_01_02_15_01_34,session_2026-01-02_14-58-59,11,1767384957.21,1767384992.888,153243,159664,6422
rory,2026_01_02_15_01_34,session_2026-01-02_14-58-59,12,1767385045.312,1767385109.45,169102,180645,11544
rory,2026_01_02_15_01_34,session_2026-01-02_14-58-59,13,1767385164.194,1767385172.848,190500,192057,1558
rory,2026_01_02_15_01_34,session_2026-01-02_14-58-59,14,1767385220.627,1767385247.967,200658,205578,4921
rory,2026_01_02_15_01_34,session_2026-01-02_14-58-59,15,1767385292.705,1767385304.83,213632,215813,2182
rory,2026_01_02_15_01_34,session_2026-01-02_14-58-59,16,1767385356.086,1767385376.433,225040,228702,3663
rory,2026_01_02_15_01_34,session_2026-01-02_14-58-59,17,1767385420.817,1767385443.45,236692,240765,4074
rory,2026_01_02_15_01_34,session_2026-01-02_14-58-59,18,1767385488.73,1767385504.958,248916,251836,2921
rory,2026_01_02_15_01_34,session_2026-01-02_14-58-59,19,1767385564.94,1767385602.662,262633,269422,6790
rory,2026_01_02_15_01_34,session_2026-01-02_14-58-59,20,1767385647.367,1767385719.52,277470,290457,12988
rory,2026_01_02_15_01_34,session_2026-01-02_14-58-59,21,1767385771.36,1767385807.515,299789,306295,6507
rory,2026_01_02_15_01_34,session_2026-01-02_14-58-59,22,1767385855.411,1767385873.116,314918,318104,3187
rory,2026_01_02_15_01_34,session_2026-01-02_14-58-59,23,1767385926.105,1767385948.138,327642,331607,3966
rory,2026_01_02_15_01_34,session_2026-01-02_14-58-59,24,1767386000.765,1767386077.729,341081,354934,13854
rory,2026_01_02_15_01_34,session_2026-01-02_14-58-59,25,1767386127.127,1767386216.953,363826,379994,16169
rory,2026_01_02_15_01_34,session_2026-01-02_14-58-59,26,1767386269.279,1767386286.473,389413,392507,3095
rory,2026_01_02_15_01_34,session_2026-01-02_14-58-59,27,1767386343.019,1767386375.454,402686,408523,5838
rory,2026_01_02_15_01_34,session_2026-01-02_14-58-59,28,1767386427.811,1767386689.502,417948,465052,47105
rory,2026_01_02_15_01_34,session_2026-01-02_14-58-59,29,1767386739.467,1767386835.401,474046,491313,17268
rory,2026_01_02_15_01_34,session_2026-01-02_14-58-59,30,1767386889.091,1767386910.99,500978,504919,3942
rory,2026_01_03_16_14_39,session_2026-01-03_16-12-54,0,1767474997.456,1767475054.378,19354,29599,10246
rory,2026_01_03_16_14_39,session_2026-01-03_16-12-54,1,1767475101.895,1767475128.152,38153,42878,4726
rory,2026_01_03_16_14_39,session_2026-01-03_16-12-54,2,1767475173.577,1767475195.415,51056,54985,3930
rory,2026_01_03_16_14_39,session_2026-01-03_16-12-54,3,1767475247.666,1767475265.024,64392,67515,3124
rory,2026_01_03_16_14_39,session_2026-01-03_16-12-54,4,1767475330.525,1767475356.38,79306,83959,4654
rory,2026_01_03_16_14_39,session_2026-01-03_16-12-54,5,1767475409.737,1767475433.687,93564,97874,4311
rory,2026_01_03_16_14_39,session_2026-01-03_16-12-54,6,1767475479.867,1767475502.136,106187,110194,4008
rory,2026_01_03_16_14_39,session_2026-01-03_16-12-54,7,1767475547.921,1767475579.559,118437,124130,5694
rory,2026_01_03_16_14_39,session_2026-01-03_16-12-54,8,1767475631.405,1767475639.257,133463,134876,1414
rory,2026_01_03_16_14_39,session_2026-01-03_16-12-54,9,1767475699.314,1767475714.334,145687,148389,2703
rory,2026_01_03_16_14_39,session_2026-01-03_16-12-54,10,1767475774.734,1767475794.13,159262,162753,3492
rory,2026_01_03_16_14_39,session_2026-01-03_16-12-54,11,1767475848.297,1767475859.43,172503,174506,2004
rory,2026_01_03_16_14_39,session_2026-01-03_16-12-54,12,1767475912.861,1767475923.018,184125,185952,1828
rory,2026_01_03_16_14_39,session_2026-01-03_16-12-54,13,1767475968.458,1767475983.994,194132,196928,2797
rory,2026_01_03_16_14_39,session_2026-01-03_16-12-54,14,1767476029.039,1767476038.361,205037,206713,1677
rory,2026_01_03_16_14_39,session_2026-01-03_16-12-54,15,1767476084.089,1767476091.814,214945,216335,1391
rory,2026_01_03_16_14_39,session_2026-01-03_16-12-54,16,1767476137.182,1767476144.065,224502,225740,1239
rory,2026_01_03_16_14_39,session_2026-01-03_16-12-54,17,1767476189.064,1767476196.163,233841,235117,1277
rory,2026_01_03_16_14_39,session_2026-01-03_16-12-54,18,1767476241.202,1767476249.619,243225,244739,1515
rory,2026_01_03_16_14_39,session_2026-01-03_16-12-54,19,1767476294.694,1767476316.365,252854,256754,3901
rory,2026_01_03_16_14_39,session_2026-01-03_16-12-54,20,1767476361.089,1767476382.531,264805,268663,3859
rory,2026_01_03_16_14_39,session_2026-01-03_16-12-54,21,1767476435.61,1767476465.432,278218,283585,5368
rory,2026_01_03_16_14_39,session_2026-01-03_16-12-54,22,1767476519.368,1767476548.651,293295,298565,5271
rory,2026_01_03_16_14_39,session_2026-01-03_16-12-54,23,1767476595.041,1767476615.3,306916,310561,3646
rory,2026_01_03_16_14_39,session_2026-01-03_16-12-54,24,1767476659.663,1767476680.427,318547,322284,3738
rory,2026_01_03_16_14_39,session_2026-01-03_16-12-54,25,1767476731.0,1767476755.452,331388,335788,4401
rory,2026_01_03_16_14_39,session_2026-01-03_16-12-54,26,1767476810.11,1767476817.118,345628,346888,1261
rory,2026_01_03_16_14_39,session_2026-01-03_16-12-54,27,1767476864.005,1767476873.992,355329,357125,1797
rory,2026_01_03_16_14_39,session_2026-01-03_16-12-54,28,1767476933.439,1767477000.676,367827,379928,12102
rory,2026_01_03_16_14_39,session_2026-01-03_16-12-54,29,1767477047.536,1767477063.971,388364,391321,2958
rory,2026_01_03_16_14_39,session_2026-01-03_16-12-54,30,1767477115.94,1767477145.776,400676,406046,5371
rory,2026_01_03_16_14_39,session_2026-01-03_16-12-54,31,1767477191.73,1767477225.014,414318,420309,5992
rory,2026_01_03_16_14_39,session_2026-01-03_16-12-54,32,1767477269.623,1767477281.903,428339,430548,2210
rory,2026_01_03_16_14_39,session_2026-01-03_16-12-54,33,1767477327.275,1767477341.953,438715,441357,2643
rory,2026_01_03_16_14_39,session_2026-01-03_16-12-54,34,1767477386.709,1767477444.205,449414,459762,10349
rory,2026_01_04_17_51_32,session_2026-01-04_17-50-16,0,1767567369.395,1767567650.292,45553,96113,50561
rory,2026_01_04_17_51_32,session_2026-01-04_17-50-16,1,1767567697.966,1767567719.859,104695,108634,3940
rory,2026_01_04_17_51_32,session_2026-01-04_17-50-16,2,1767567774.389,1767567782.549,118451,119919,1469
rory,2026_01_04_17_51_32,session_2026-01-04_17-50-16,3,1767567954.293,1767567997.455,150833,158601,7769
rory,2026_01_04_17_51_32,session_2026-01-04_17-50-16,4,1767568043.012,1767568061.804,166802,170184,3383
rory,2026_01_04_17_51_32,session_2026-01-04_17-50-16,5,1767568171.614,1767568190.273,189951,193308,3358
rory,2026_01_04_17_51_32,session_2026-01-04_17-50-16,6,1767568246.475,1767568310.782,203425,215000,11576
rory,2026_01_05_13_36_14,session_2026-01-05_13-32-31,0,1767638332.15,1767638401.791,9905,22439,12535
rory,2026_01_05_13_36_14,session_2026-01-05_13-32-31,1,1767638565.518,1767638605.049,51911,59026,7116
rory,2026_01_05_13_36_14,session_2026-01-05_13-32-31,2,1767638656.914,1767638680.227,68362,72557,4196
rory,2026_01_05_13_36_14,session_2026-01-05_13-32-31,3,1767638735.493,1767638770.063,82506,88728,6223
rory,2026_01_05_13_36_14,session_2026-01-05_13-32-31,4,1767638820.723,1767638830.527,97848,99611,1764
rory,2026_01_05_13_36_14,session_2026-01-05_13-32-31,5,1767638882.47,1767638890.273,108962,110365,1404
rory,2026_01_05_13_36_14,session_2026-01-05_13-32-31,6,1767638937.357,1767638950.19,118841,121150,2310
rory,2026_01_05_13_36_14,session_2026-01-05_13-32-31,7,1767638995.939,1767639002.1,129386,130494,1109
rory,2026_01_05_13_36_14,session_2026-01-05_13-32-31,8,1767639047.431,1767639065.162,138655,141845,3191
rory,2026_01_05_13_36_14,session_2026-01-05_13-32-31,9,1767639110.135,1767639117.362,149941,151241,1301
rory,2026_01_05_13_36_14,session_2026-01-05_13-32-31,10,1767639162.16,1767639175.06,159306,161627,2322
rory,2026_01_05_13_36_14,session_2026-01-05_13-32-31,11,1767639220.118,1767639234.788,169738,172378,2641
rory,2026_01_05_13_36_14,session_2026-01-05_13-32-31,12,1767639286.062,1767639298.147,181608,183782,2175
rory,2026_01_05_13_36_14,session_2026-01-05_13-32-31,13,1767639349.098,1767639369.239,192954,196579,3626
rory,2026_01_05_13_36_14,session_2026-01-05_13-32-31,14,1767639416.568,1767639485.29,205099,217468,12370
rory,2026_01_05_13_36_14,session_2026-01-05_13-32-31,15,1767639530.393,1767639651.835,225587,247445,21859
rory,2026_01_05_13_36_14,session_2026-01-05_13-32-31,16,1767639703.944,1767639739.903,256826,263298,6473
rory,2026_01_05_13_36_14,session_2026-01-05_13-32-31,17,1767639793.688,1767639850.171,272980,283146,10167
rory,2026_01_05_13_36_14,session_2026-01-05_13-32-31,18,1767640169.366,1767640253.26,340601,355701,15101
rory,2026_01_05_13_36_14,session_2026-01-05_13-32-31,19,1767640299.273,1767640315.122,363984,366836,2853
rory,2026_01_05_13_36_14,session_2026-01-05_13-32-31,20,1767640393.327,1767640468.97,380914,394528,13615
rory,2026_01_05_13_36_14,session_2026-01-05_13-32-31,21,1767640532.043,1767640556.115,405882,410214,4333
rory,2026_01_05_13_36_14,session_2026-01-05_13-32-31,22,1767640600.689,1767640624.145,418239,422460,4222
rory,2026_01_05_13_36_14,session_2026-01-05_13-32-31,23,1767640668.516,1767640683.912,430447,433218,2772
rory,2026_01_05_13_36_14,session_2026-01-05_13-32-31,24,1767640728.4,1767640785.39,441226,451484,10259
rory,2026_01_05_13_36_14,session_2026-01-05_13-32-31,25,1767640830.138,1767641010.981,459539,492090,32552
rory,2026_01_05_13_36_14,session_2026-01-05_13-32-31,26,1767641062.644,1767641134.753,501390,514368,12979
rory,2026_01_05_13_36_14,session_2026-01-05_13-32-31,27,1767641187.108,1767641280.004,523793,540513,16721
rory,2026_01_05_13_36_14,session_2026-01-05_13-32-31,28,1767641326.24,1767641397.093,548837,561589,12753
rory,2026_01_05_13_36_14,session_2026-01-05_13-32-31,29,1767641457.101,1767641477.057,572392,575983,3592
rory,2026_01_05_13_36_14,session_2026-01-05_13-32-31,30,1767641522.637,1767641815.047,584188,636820,52633
rory,2026_01_07_17_31_36,session_2026-01-07_17-30-42,0,1767825222.15,1767825292.011,20438,33012,12575
rory,2026_01_07_17_31_36,session_2026-01-07_17-30-42,1,1767825351.663,1767825377.784,43750,48451,4702
rory,2026_01_07_17_31_36,session_2026-01-07_17-30-42,2,1767825431.879,1767825440.994,58188,59828,1641
rory,2026_01_07_17_31_36,session_2026-01-07_17-30-42,3,1767825487.577,1767825494.474,68214,69455,1242
rory,2026_01_07_17_31_36,session_2026-01-07_17-30-42,4,1767825551.069,1767825559.79,79643,81211,1569
rory,2026_01_07_17_31_36,session_2026-01-07_17-30-42,5,1767825613.547,1767825630.168,90889,93879,2991
rory,2026_01_07_17_31_36,session_2026-01-07_17-30-42,6,1767825677.935,1767825684.946,102478,103739,1262
rory,2026_01_07_17_31_36,session_2026-01-07_17-30-42,7,1767825737.432,1767825751.331,113188,115688,2501
rory,2026_01_07_17_31_36,session_2026-01-07_17-30-42,8,1767825805.285,1767825814.988,125401,127147,1747
rory,2026_01_07_17_31_36,session_2026-01-07_17-30-42,9,1767825861.365,1767825888.135,135495,140313,4819
rory,2026_01_07_17_31_36,session_2026-01-07_17-30-42,10,1767825933.719,1767825946.855,148519,150882,2364
rory,2026_01_07_17_31_36,session_2026-01-07_17-30-42,11,1767826001.952,1767826032.572,160801,166311,5511
rory,2026_01_07_17_31_36,session_2026-01-07_17-30-42,12,1767826087.624,1767826112.473,176222,180693,4472
rory,2026_01_07_17_31_36,session_2026-01-07_17-30-42,13,1767826166.31,1767826200.625,190385,196560,6176
rory,2026_01_07_17_31_36,session_2026-01-07_17-30-42,14,1767826253.392,1767826264.715,206059,208097,2039
rory,2026_01_07_17_31_36,session_2026-01-07_17-30-42,15,1767826319.027,1767826350.847,217874,223600,5727
rory,2026_01_07_17_31_36,session_2026-01-07_17-30-42,16,1767826406.583,1767826413.755,233634,234923,1290
rory,2026_01_07_17_31_36,session_2026-01-07_17-30-42,17,1767826459.249,1767826474.903,243113,245930,2818
rory,2026_01_07_17_31_36,session_2026-01-07_17-30-42,18,1767826519.742,1767826527.951,254002,255478,1477
rory,2026_01_07_17_31_36,session_2026-01-07_17-30-42,19,1767826579.89,1767826589.263,264828,266515,1688
rory,2026_01_07_17_31_36,session_2026-01-07_17-30-42,20,1767826637.15,1767826646.435,275135,276805,1671
rory,2026_01_07_17_31_36,session_2026-01-07_17-30-42,21,1767826691.935,1767826699.019,284996,286270,1275
rory,2026_01_07_17_31_36,session_2026-01-07_17-30-42,22,1767826760.559,1767826779.307,297349,300722,3374
rory,2026_01_07_17_31_36,session_2026-01-07_17-30-42,23,1767826838.798,1767826864.059,311431,315977,4547
rory,2026_01_07_17_31_36,session_2026-01-07_17-30-42,24,1767826917.469,1767827015.778,325592,343286,17695
rory,2026_01_07_17_31_36,session_2026-01-07_17-30-42,25,1767827067.226,1767827078.844,352548,354638,2091
rory,2026_01_07_17_31_36,session_2026-01-07_17-30-42,26,1767827132.312,1767827155.765,364263,368484,4222
rory,2026_01_07_17_31_36,session_2026-01-07_17-30-42,27,1767827205.986,1767827220.064,377525,380058,2534
rory,2026_01_07_17_31_36,session_2026-01-07_17-30-42,28,1767827264.619,1767827289.597,388078,392573,4496
rory,2026_01_07_17_31_36,session_2026-01-07_17-30-42,29,1767827342.655,1767827438.538,402125,419382,17258
rory,2026_01_07_17_31_36,session_2026-01-07_17-30-42,30,1767827485.12,1767827589.685,427768,446589,18822
rory,2026_01_07_17_31_36,session_2026-01-07_17-30-42,31,1767827634.16,1767827646.017,454595,456728,2134
rory,2026_01_07_17_31_36,session_2026-01-07_17-30-42,32,1767827698.052,1767827761.391,466096,477495,11400
rory,2026_01_07_17_31_36,session_2026-01-07_17-30-42,33,1767827816.437,1767827892.188,487405,501039,13635
rory,2026_01_07_17_31_36,session_2026-01-07_17-30-42,34,1767827948.756,1767828008.817,511222,522032,10811
rory,2026_01_07_17_31_36,session_2026-01-07_17-30-42,35,1767828063.704,1767828083.555,531912,535484,3573
rory,2026_01_07_17_31_36,session_2026-01-07_17-30-42,36,1767828129.338,1767828138.261,543726,545331,1606
rory,2026_01_07_17_31_36,session_2026-01-07_17-30-42,37,1767828186.637,1767828219.004,554040,559865,5826
rory,2026_01_08_14_34_43,session_2026-01-08_14-28-51,0,1767900989.09,1767901127.864,16631,41609,24979
rory,2026_01_08_14_34_43,session_2026-01-08_14-28-51,1,1767901183.612,1767901206.484,51644,55760,4117
rory,2026_01_08_14_34_43,session_2026-01-08_14-28-51,2,1767901260.688,1767901276.325,65518,68331,2814
rory,2026_01_08_14_34_43,session_2026-01-08_14-28-51,3,1767901332.528,1767901350.143,78449,81618,3170
rory,2026_01_08_14_34_43,session_2026-01-08_14-28-51,4,1767901398.735,1767901462.99,90366,101931,11566
rory,2026_01_08_14_34_43,session_2026-01-08_14-28-51,5,1767901516.216,1767901557.478,111512,118938,7427
rory,2026_01_08_14_34_43,session_2026-01-08_14-28-51,6,1767901604.978,1767901658.318,127489,137090,9602
rory,2026_01_08_14_34_43,session_2026-01-08_14-28-51,7,1767901704.324,1767901726.947,145371,149443,4073
rory,2026_01_08_14_34_43,session_2026-01-08_14-28-51,8,1767901774.897,1767901790.423,158075,160868,2794
rory,2026_01_08_14_34_43,session_2026-01-08_14-28-51,9,1767901834.99,1767901924.382,168891,184981,16091
rory,2026_01_08_14_55_08,session_2026-01-08_14-54-33,0,1767902187.412,1767902244.538,12266,22547,10282
rory,2026_01_08_14_55_08,session_2026-01-08_14-54-33,1,1767902292.35,1767902318.382,31154,35839,4686
rory,2026_01_08_14_55_08,session_2026-01-08_14-54-33,2,1767902372.846,1767902491.589,45644,67016,21373
rory,2026_01_08_14_55_08,session_2026-01-08_14-54-33,3,1767902545.316,1767902559.643,76688,79266,2579
rory,2026_01_08_14_55_08,session_2026-01-08_14-54-33,4,1767902614.046,1767902644.913,89059,94614,5556
rory,2026_01_08_14_55_08,session_2026-01-08_14-54-33,5,1767902693.45,1767902709.405,103352,106223,2872
rory,2026_01_08_14_55_08,session_2026-01-08_14-54-33,6,1767902776.692,1767902788.921,118335,120536,2202
rory,2026_01_08_14_55_08,session_2026-01-08_14-54-33,7,1767902843.037,1767902858.206,130277,133007,2731
rory,2026_01_08_14_55_08,session_2026-01-08_14-54-33,8,1767902910.721,1767902932.333,142460,146349,3890
rory,2026_01_08_14_55_08,session_2026-01-08_14-54-33,9,1767902985.571,1767902993.5,155933,157359,1427
rory,2026_01_08_14_55_08,session_2026-01-08_14-54-33,10,1767903107.072,1767903139.073,177803,183562,5760
rory,2026_01_08_14_55_08,session_2026-01-08_14-54-33,11,1767903186.29,1767903305.424,192062,213505,21444
rory,2026_01_08_14_55_08,session_2026-01-08_14-54-33,12,1767903359.984,1767903372.577,223327,225593,2267
rory,2026_01_08_14_55_08,session_2026-01-08_14-54-33,13,1767903441.423,1767903458.899,237986,241130,3145
rory,2026_01_08_14_55_08,session_2026-01-08_14-54-33,14,1767903512.654,1767903519.883,250807,252107,1301
rory,2026_01_08_14_55_08,session_2026-01-08_14-54-33,15,1767903567.028,1767903576.317,260594,262265,1672
rory,2026_01_08_14_55_08,session_2026-01-08_14-54-33,16,1767903620.843,1767903628.852,270281,271721,1441
rory,2026_01_08_14_55_08,session_2026-01-08_14-54-33,17,1767903674.747,1767903698.114,279983,284188,4206
rory,2026_01_08_14_55_08,session_2026-01-08_14-54-33,18,1767903751.051,1767903761.455,293718,295590,1873
rory,2026_01_08_14_55_08,session_2026-01-08_14-54-33,19,1767903808.182,1767903823.377,304001,306735,2735
rory,2026_01_08_14_55_08,session_2026-01-08_14-54-33,20,1767903879.751,1767903913.339,316884,322928,6045
